Protocollo;Gruppo;DataOraIncidente;Localizzazione1;STRADA1;Localizzazione2;STRADA2;Strada02;Chilometrica;DaSpecificare;NaturaIncidente;particolaritastrade;TipoStrada;FondoStradale;Pavimentazione;Segnaletica;CondizioneAtmosferica;Traffico;Visibilita;Illuminazione;NUM_FERITI;NUM_RISERVATA;NUM_MORTI;NUM_ILLESI;Longitudine;Latitudine;Confermato;Progressivo;TipoVeicolo;StatoVeicolo;TipoPersona;Sesso;Tipolesione;Deceduto;DecedutoDopo;CinturaCascoUtilizzato;Airbag
3165831;12;06/02/2017 20:40;Provinciale;VIA ARDEATINA;in prossimità;;della chilometrica;21.8;;Scontro frontale/laterale SX fra veicoli in marcia;Rettilineo;Una carreggiata a doppio senso;Bagnato (pioggia);Asfaltata;Verticale ed orizzontale;Pioggia in atto;Normale;Insufficiente;Inesistente;0;0;0;2;12,56346;41,77091;-1;1;Autovettura privata;In marcia / fermata / arresto;Conducente;F;Illeso;0;;Non accertato;Inesploso
3165831;12;06/02/2017 20:40;Provinciale;VIA ARDEATINA;in prossimità;;della chilometrica;21.8;;Scontro frontale/laterale SX fra veicoli in marcia;Rettilineo;Una carreggiata a doppio senso;Bagnato (pioggia);Asfaltata;Verticale ed orizzontale;Pioggia in atto;Normale;Insufficiente;Inesistente;0;0;0;2;12,56346;41,77091;-1;2;Autovettura privata;In marcia / fermata / arresto;Conducente;M;Illeso;0;;Non accertato;Inesploso
3165835;7;06/02/2017 14:00;Strada Urbana;VIA ETTORE FERRARI;da specificare;;;;palo luce 1075;Scontro frontale fra veicoli in marcia;Rettilineo;Due carreggiate;Bagnato (pioggia);Asfaltata;Verticale ed orizzontale;Nuvoloso;Normale;Sufficiente;Ore Diurne;3;0;0;1;12,59987;41,89037;-1;1;Autovettura privata;In marcia / fermata / arresto;Conducente;M;Illeso;0;;Non accertato;Inesploso
3165835;7;06/02/2017 14:00;Strada Urbana;VIA ETTORE FERRARI;da specificare;;;;palo luce 1075;Scontro frontale fra veicoli in marcia;Rettilineo;Due carreggiate;Bagnato (pioggia);Asfaltata;Verticale ed orizzontale;Nuvoloso;Normale;Sufficiente;Ore Diurne;3;0;0;1;12,59987;41,89037;-1;1;Autovettura privata;In marcia / fermata / arresto;Passeggero;F;Rimandato;0;NON DECEDUTO;Non accertato;Inesploso
3165835;7;06/02/2017 14:00;Strada Urbana;VIA ETTORE FERRARI;da specificare;;;;palo luce 1075;Scontro frontale fra veicoli in marcia;Rettilineo;Due carreggiate;Bagnato (pioggia);Asfaltata;Verticale ed orizzontale;Nuvoloso;Normale;Sufficiente;Ore Diurne;3;0;0;1;12,59987;41,89037;-1;2;Autovettura privata;In marcia / fermata / arresto;Conducente;F;Rimandato;0;NON DECEDUTO;Non accertato;Esploso
3165835;7;06/02/2017 14:00;Strada Urbana;VIA ETTORE FERRARI;da specificare;;;;palo luce 1075;Scontro frontale fra veicoli in marcia;Rettilineo;Due carreggiate;Bagnato (pioggia);Asfaltata;Verticale ed orizzontale;Nuvoloso;Normale;Sufficiente;Ore Diurne;3;0;0;1;12,59987;41,89037;-1;3;Autovettura privata;In marcia / fermata / arresto;Conducente;M;Rimandato;0;NON DECEDUTO;Non accertato;Inesploso
3165841;7;06/02/2017 19:20;Strada Urbana;VIA DI TOR TRE TESTE;all'intersezione con;VIA PRENESTINA;VIA PRENESTINA;;;Veicolo in marcia contro ostacolo fisso;Rotatoria;Due carreggiate;Bagnato (pioggia);Asfaltata;Verticale ed orizzontale;Pioggia in atto;Normale;Sufficiente;Inesistente;0;0;0;1;12,58391;41,89274;-1;1;Autovettura privata;In marcia / fermata / arresto;Conducente;M;Illeso;0;;Non accertato;Inesploso
3165844;3;05/02/2017 13:30;Strada Urbana;VIALE DELLO SCALO S. LORENZO;all'intersezione con;PIAZZA DI PORTA MAGGIORE;PIAZZA DI PORTA MAGGIORE;;;Scontro laterale fra veicoli in marcia;Incrocio;Più di due carreggiate;Asciutto;Asfaltata;Verticale ed orizzontale;Nuvoloso;Scarso;Sufficiente;Ore Diurne;0;0;0;2;12,52061;41,89675;-1;1;Autovettura privata;In marcia / fermata / arresto;Conducente;M;Illeso;0;;Non accertato;Inesploso
3165844;3;05/02/2017 13:30;Strada Urbana;VIALE DELLO SCALO S. LORENZO;all'intersezione con;PIAZZA DI PORTA MAGGIORE;PIAZZA DI PORTA MAGGIORE;;;Scontro laterale fra veicoli in marcia;Incrocio;Più di due carreggiate;Asciutto;Asfaltata;Verticale ed orizzontale;Nuvoloso;Scarso;Sufficiente;Ore Diurne;0;0;0;2;12,52061;41,89675;-1;2;Autovettura privata;In marcia / fermata / arresto;Conducente;M;Illeso;0;;Non accertato;Inesploso
3165868;17;06/02/2017 22:05;Strada Urbana;VIALE DEL MURO TORTO;da specificare;;;;500 mt. dopo P.le Flaminio, direz. Castro Pretorio;Tamponamento;Curva senza visuale libera;Due carreggiate;Bagnato (pioggia);Asfaltata;Verticale ed orizzontale;Nuvoloso;Scarso;Sufficiente;Sufficiente;1;0;0;2;12,4817;41,91073;-1;1;Autovettura privata;In marcia / fermata / arresto;Conducente;F;Rimandato;0;NON DECEDUTO;Non accertato;Inesploso
3165868;17;06/02/2017 22:05;Strada Urbana;VIALE DEL MURO TORTO;da specificare;;;;500 mt. dopo P.le Flaminio, direz. Castro Pretorio;Tamponamento;Curva senza visuale libera;Due carreggiate;Bagnato (pioggia);Asfaltata;Verticale ed orizzontale;Nuvoloso;Scarso;Sufficiente;Sufficiente;1;0;0;2;12,4817;41,91073;-1;1;Autovettura privata;In marcia / fermata / arresto;Passeggero;M;Illeso;0;;Non accertato;Inesploso
3165868;17;06/02/2017 22:05;Strada Urbana;VIALE DEL MURO TORTO;da specificare;;;;500 mt. dopo P.le Flaminio, direz. Castro Pretorio;Tamponamento;Curva senza visuale libera;Due carreggiate;Bagnato (pioggia);Asfaltata;Verticale ed orizzontale;Nuvoloso;Scarso;Sufficiente;Sufficiente;1;0;0;2;12,4817;41,91073;-1;2;Autovettura privata;In marcia / fermata / arresto;Conducente;M;Illeso;0;;Non accertato;Inesploso
3165873;17;06/02/2017 15:20;Strada Urbana;PIAZZA DELLE CINQUE GIORNATE;da specificare;;;;PROSSIMITA' PONTE MATTEOTTI;Scontro frontale fra veicoli in marcia;Rettilineo;Due carreggiate;Bagnato (pioggia);Asfaltata;Verticale ed orizzontale;Pioggia in atto;Intenso;Buona;Ore Diurne;0;0;0;1;12,46976;41,91428;-1;1;Autovettura privata;In marcia / fermata / arresto;Conducente;M;Illeso;0;;Non accertato;Inesploso
3165884;1;06/02/2017 10:50;Strada Urbana;VIA DELLA NAVICELLA;da specificare;;;;CORRISPONDENZA FERMATA 77883;Veicolo in marcia contro veicolo in sosta;Rettilineo;Una carreggiata a doppio senso;Asciutto;Asfaltata;Verticale ed orizzontale;Nuvoloso;Normale;Buona;Ore Diurne;1;0;0;0;12,4963;41,88394;-1;1;Autobus urbano;In marcia / fermata / arresto;Conducente;M;Rimandato;0;NON DECEDUTO;Non accertato;Inesistente
3165901;13;06/02/2017 19:25;Strada Urbana;VIA LUIGI PERNIER;in prossimità;;del civico n.;161;;Veicolo in marcia contro ostacolo fisso;Rettilineo;Una carreggiata a doppio senso;Bagnato (pioggia);Asfaltata;Assente;Pioggia in atto;Scarso;Sufficiente;Sufficiente;0;0;0;1;12,31686;41,74705;-1;1;Autovettura privata;In marcia / fermata / arresto;Conducente;M;Illeso;0;;Non accertato;Inesploso
3165906;12;06/02/2017 13:00;Strada Urbana;VIA CRISTOFORO COLOMBO;in prossimità;;del palo luce n.;754;;Tamponamento;Rettilineo;Una carreggiata a senso unico di marcia;Bagnato (pioggia);Asfaltata;Verticale ed orizzontale;Pioggia in atto;Normale;Buona;Ore Diurne;1;0;0;1;12,41105;41,7857;-1;1;Autovettura privata;In marcia / fermata / arresto;Conducente;M;Illeso;0;;Utilizzato;Esploso
3165906;12;06/02/2017 13:00;Strada Urbana;VIA CRISTOFORO COLOMBO;in prossimità;;del palo luce n.;754;;Tamponamento;Rettilineo;Una carreggiata a senso unico di marcia;Bagnato (pioggia);Asfaltata;Verticale ed orizzontale;Pioggia in atto;Normale;Buona;Ore Diurne;1;0;0;1;12,41105;41,7857;-1;2;Autovettura privata;In marcia / fermata / arresto;Conducente;M;Rimandato;0;NON DECEDUTO;Non accertato;Inesploso
3165936;13;06/02/2017 08:00;Strada Urbana;VIA DI MACCHIA SAPONARA;in prossimità;;del civico n.;248;;Tamponamento;Rettilineo;Una carreggiata a doppio senso;Bagnato (pioggia);Asfaltata;Verticale ed orizzontale;Nuvoloso;Intenso;Buona;Ore Diurne;1;0;0;1;12,36475;41,75851;-1;1;Autovettura privata;In marcia / fermata / arresto;Conducente;F;Rimandato;0;NON DECEDUTO;Non accertato;Inesploso
3165936;13;06/02/2017 08:00;Strada Urbana;VIA DI MACCHIA SAPONARA;in prossimità;;del civico n.;248;;Tamponamento;Rettilineo;Una carreggiata a doppio senso;Bagnato (pioggia);Asfaltata;Verticale ed orizzontale;Nuvoloso;Intenso;Buona;Ore Diurne;1;0;0;1;12,36475;41,75851;-1;2;Autovettura privata;In marcia / fermata / arresto;Conducente;M;Illeso;0;;Non accertato;Inesploso
3165941;10;07/02/2017 08:30;Strada Urbana;VIALE PALMIRO TOGLIATTI;all'intersezione con;VIA TUSCOLANA;VIA TUSCOLANA;;;Scontro frontale fra veicoli in marcia;Incrocio;Due carreggiate;Asciutto;Asfaltata;Verticale ed orizzontale;Sereno;Normale;Buona;Ore Diurne;0;0;0;2;12,56972;41,85268;-1;1;Autocarro superiore 35 q.;In marcia / fermata / arresto;Conducente;M;Illeso;0;;Non accertato;Inesploso
3165941;10;07/02/2017 08:30;Strada Urbana;VIALE PALMIRO TOGLIATTI;all'intersezione con;VIA TUSCOLANA;VIA TUSCOLANA;;;Scontro frontale fra veicoli in marcia;Incrocio;Due carreggiate;Asciutto;Asfaltata;Verticale ed orizzontale;Sereno;Normale;Buona;Ore Diurne;0;0;0;2;12,56972;41,85268;-1;2;Autovettura privata;In marcia / fermata / arresto;Conducente;M;Illeso;0;;Non accertato;Inesploso
3165976;1;06/02/2017 22:20;Strada Urbana;VIALE DEL MURO TORTO;da specificare;;;;USCITA SOTTOVIA DIREZIONE PIAZZALE FLAMINIO;Veicolo in marcia contro ostacolo fisso;Curva a visuale libera;Una carreggiata a doppio senso;Bagnato (pioggia);Asfaltata;Verticale ed orizzontale;Pioggia in atto;Normale;Buona;Sufficiente;0;0;0;2;12,4814;41,91137;-1;1;Autovettura privata;In marcia / fermata / arresto;Conducente;F;Illeso;0;;;
3165976;1;06/02/2017 22:20;Strada Urbana;VIALE DEL MURO TORTO;da specificare;;;;USCITA SOTTOVIA DIREZIONE PIAZZALE FLAMINIO;Veicolo in marcia contro ostacolo fisso;Curva a visuale libera;Una carreggiata a doppio senso;Bagnato (pioggia);Asfaltata;Verticale ed orizzontale;Pioggia in atto;Normale;Buona;Sufficiente;0;0;0;2;12,4814;41,91137;-1;1;Autovettura privata;In marcia / fermata / arresto;Passeggero;M;Illeso;0;;;
3165978;19;07/02/2017 04:25;Strada Urbana;VIA DELLA STAZIONE DI OTTAVIA;all'intersezione con;VIA GIUSEPPE CUGNONI;VIA GIUSEPPE CUGNONI;;;Veicolo in marcia contro veicolo fermo;Incrocio;Una carreggiata a senso unico di marcia;Bagnato (umidità in atto);Asfaltata;Assente;Nuvoloso;Scarso;Buona;Sufficiente;0;0;0;3;12,4051;41,9637;-1;1;Autocarro inferiore 35 q.;In marcia / fermata / arresto;Conducente;M;Illeso;0;;Non accertato;Inesploso
3165978;19;07/02/2017 04:25;Strada Urbana;VIA DELLA STAZIONE DI OTTAVIA;all'intersezione con;VIA GIUSEPPE CUGNONI;VIA GIUSEPPE CUGNONI;;;Veicolo in marcia contro veicolo fermo;Incrocio;Una carreggiata a senso unico di marcia;Bagnato (umidità in atto);Asfaltata;Assente;Nuvoloso;Scarso;Buona;Sufficiente;0;0;0;3;12,4051;41,9637;-1;1;Autocarro inferiore 35 q.;In marcia / fermata / arresto;Passeggero;M;Illeso;0;;Non accertato;
3165978;19;07/02/2017 04:25;Strada Urbana;VIA DELLA STAZIONE DI OTTAVIA;all'intersezione con;VIA GIUSEPPE CUGNONI;VIA GIUSEPPE CUGNONI;;;Veicolo in marcia contro veicolo fermo;Incrocio;Una carreggiata a senso unico di marcia;Bagnato (umidità in atto);Asfaltata;Assente;Nuvoloso;Scarso;Buona;Sufficiente;0;0;0;3;12,4051;41,9637;-1;2;Autovettura privata;In marcia / fermata / arresto;Conducente;M;Illeso;0;;Non accertato;Inesploso
3165984;19;06/02/2017 19:00;Strada Urbana;VIA ANDERSEN;in prossimità;;del civico n.;31;;Investimento di pedone;Rettilineo;Una carreggiata a doppio senso;Bagnato (pioggia);Asfaltata;Verticale ed orizzontale;Pioggia in atto;Normale;Buona;Sufficiente;0;0;1;1;12,40382;41,92409;-1;;;;Pedone;F;Rimandato;0;DECEDUTO ENTRO 15 GIORNI;;
3165984;19;06/02/2017 19:00;Strada Urbana;VIA ANDERSEN;in prossimità;;del civico n.;31;;Investimento di pedone;Rettilineo;Una carreggiata a doppio senso;Bagnato (pioggia);Asfaltata;Verticale ed orizzontale;Pioggia in atto;Normale;Buona;Sufficiente;0;0;1;1;12,40382;41,92409;-1;1;Autovettura privata;In marcia / fermata / arresto;Conducente;F;Illeso;0;;Non accertato;Inesploso
3165985;16;05/02/2017 19:30;Strada Urbana;VIA PASQUALE REVOLTELLA;in prossimità;;del civico n.;85;;Veicolo in marcia contro ostacolo fisso;Rettilineo;Una carreggiata a senso unico di marcia;Asciutto;Asfaltata;Assente;Sereno;Scarso;Buona;Sufficiente;0;0;0;1;12,45277;41,87372;-1;1;Autovettura privata;In marcia / fermata / arresto;Conducente;M;Illeso;0;;Non accertato;Inesploso
3165993;12;06/02/2017 13:00;Strada Urbana;VIA CRISTOFORO COLOMBO;da specificare;;;;direz. Roma centro prossimità Palo Acea 755;Veicolo in marcia contro veicolo fermo;Curva a visuale libera;Una carreggiata a senso unico di marcia;Bagnato (umidità in atto);Asfaltata;Verticale ed orizzontale;Nuvoloso;Normale;Buona;Ore Diurne;1;0;0;3;12,51786;41,89459;-1;1;Autovettura privata;In marcia / fermata / arresto;Conducente;M;Illeso;0;;Non accertato;Inesploso
3165993;12;06/02/2017 13:00;Strada Urbana;VIA CRISTOFORO COLOMBO;da specificare;;;;direz. Roma centro prossimità Palo Acea 755;Veicolo in marcia contro veicolo fermo;Curva a visuale libera;Una carreggiata a senso unico di marcia;Bagnato (umidità in atto);Asfaltata;Verticale ed orizzontale;Nuvoloso;Normale;Buona;Ore Diurne;1;0;0;3;12,51786;41,89459;-1;1;Autovettura privata;In marcia / fermata / arresto;Passeggero;F;Rimandato;0;NON DECEDUTO;Non accertato;Inesploso
3165993;12;06/02/2017 13:00;Strada Urbana;VIA CRISTOFORO COLOMBO;da specificare;;;;direz. Roma centro prossimità Palo Acea 755;Veicolo in marcia contro veicolo fermo;Curva a visuale libera;Una carreggiata a senso unico di marcia;Bagnato (umidità in atto);Asfaltata;Verticale ed orizzontale;Nuvoloso;Normale;Buona;Ore Diurne;1;0;0;3;12,51786;41,89459;-1;2;Autovettura privata;In marcia / fermata / arresto;Conducente;M;Illeso;0;;Non accertato;Inesploso
3165993;12;06/02/2017 13:00;Strada Urbana;VIA CRISTOFORO COLOMBO;da specificare;;;;direz. Roma centro prossimità Palo Acea 755;Veicolo in marcia contro veicolo fermo;Curva a visuale libera;Una carreggiata a senso unico di marcia;Bagnato (umidità in atto);Asfaltata;Verticale ed orizzontale;Nuvoloso;Normale;Buona;Ore Diurne;1;0;0;3;12,51786;41,89459;-1;2;Autovettura privata;In marcia / fermata / arresto;Passeggero;M;Illeso;0;;Utilizzato;Inesploso
3166018;4;06/02/2017 07:40;Strada Urbana;VIA ARTURO GRAF;in corrispondenza;;del civico n.;65;;Veicolo in marcia contro veicolo in sosta;Rettilineo;Due carreggiate;Bagnato (pioggia);Asfaltata;Assente;Pioggia in atto;Intenso;Buona;Ore Diurne;1;0;0;0;12,5523;41,94384;-1;1;Motociclo a solo;In marcia / fermata / arresto;Conducente;M;Rimandato;0;NON DECEDUTO;;
3166060;2;06/02/2017 21:30;Strada Urbana;PIAZZALE DEL VERANO;da specificare;;;;prossimità fermata ATAC;Investimento di pedone;Rettilineo;Una carreggiata a senso unico di marcia;Bagnato (umidità in atto);Asfaltata;Verticale;Nuvoloso;Scarso;Buona;Sufficiente;1;1;0;0;12,51895;41,90081;-1;;;;Pedone;F;Ricoverato;0;NON DECEDUTO;;
3166060;2;06/02/2017 21:30;Strada Urbana;PIAZZALE DEL VERANO;da specificare;;;;prossimità fermata ATAC;Investimento di pedone;Rettilineo;Una carreggiata a senso unico di marcia;Bagnato (umidità in atto);Asfaltata;Verticale;Nuvoloso;Scarso;Buona;Sufficiente;1;1;0;0;12,51895;41,90081;-1;1;Motociclo a solo;In marcia / fermata / arresto;Conducente;M;Prognosi riservata;0;NON DECEDUTO;;
3166061;10;07/02/2017 08:30;Strada Urbana;VIA VITTORIO RAGUSA;da specificare;;;;altezza attività comm.le GLOBO;Tamponamento Multiplo;Rettilineo;Una carreggiata a senso unico di marcia;Bagnato (umidità in atto);Asfaltata;Orizzontale;Sereno;Normale;Buona;Ore Diurne;1;0;0;4;12,60299;41,85092;-1;1;Autovettura privata;In marcia / fermata / arresto;Conducente;M;Illeso;0;;Non accertato;Inesploso
3166061;10;07/02/2017 08:30;Strada Urbana;VIA VITTORIO RAGUSA;da specificare;;;;altezza attività comm.le GLOBO;Tamponamento Multiplo;Rettilineo;Una carreggiata a senso unico di marcia;Bagnato (umidità in atto);Asfaltata;Orizzontale;Sereno;Normale;Buona;Ore Diurne;1;0;0;4;12,60299;41,85092;-1;2;Autovettura privata;In marcia / fermata / arresto;Conducente;M;Rimandato;0;NON DECEDUTO;Non accertato;Inesploso
3166061;10;07/02/2017 08:30;Strada Urbana;VIA VITTORIO RAGUSA;da specificare;;;;altezza attività comm.le GLOBO;Tamponamento Multiplo;Rettilineo;Una carreggiata a senso unico di marcia;Bagnato (umidità in atto);Asfaltata;Orizzontale;Sereno;Normale;Buona;Ore Diurne;1;0;0;4;12,60299;41,85092;-1;3;Autovettura privata;In marcia / fermata / arresto;Conducente;F;Illeso;0;;Non accertato;Esploso
3166061;10;07/02/2017 08:30;Strada Urbana;VIA VITTORIO RAGUSA;da specificare;;;;altezza attività comm.le GLOBO;Tamponamento Multiplo;Rettilineo;Una carreggiata a senso unico di marcia;Bagnato (umidità in atto);Asfaltata;Orizzontale;Sereno;Normale;Buona;Ore Diurne;1;0;0;4;12,60299;41,85092;-1;4;Autovettura privata;In marcia / fermata / arresto;Conducente;F;Illeso;0;;Non accertato;Inesploso
3166061;10;07/02/2017 08:30;Strada Urbana;VIA VITTORIO RAGUSA;da specificare;;;;altezza attività comm.le GLOBO;Tamponamento Multiplo;Rettilineo;Una carreggiata a senso unico di marcia;Bagnato (umidità in atto);Asfaltata;Orizzontale;Sereno;Normale;Buona;Ore Diurne;1;0;0;4;12,60299;41,85092;-1;4;Autovettura privata;In marcia / fermata / arresto;Passeggero;F;Illeso;0;;Non accertato;Inesploso
3166116;1;06/02/2017 21:00;Strada Urbana;PIAZZA GIUSEPPE GIOACHINO BELLI;da specificare;;;;PIAZZA GIUSEPPE GIOACHINO BELLI;Veicolo in marcia contro ostacolo fisso;Rettilineo;Più di due carreggiate;Bagnato (pioggia);Asfaltata;Verticale ed orizzontale;Pioggia in atto;Scarso;Buona;Sufficiente;0;0;0;1;12,47442;41,8902;-1;1;Autovettura privata;In marcia / fermata / arresto;Conducente;M;Illeso;0;;;
3166118;18;07/02/2017 08:50;Strada Urbana;VIA DI BOCCEA;in prossimità;;del civico n.;500;;Scontro frontale/laterale SX fra veicoli in marcia;Rettilineo;Una carreggiata a senso unico di marcia;Asciutto;Asfaltata;Verticale ed orizzontale;Sereno;Normale;Buona;Ore Diurne;1;0;0;1;12,38398;41,91504;-1;1;Autovettura privata;In marcia / fermata / arresto;Conducente;F;Rimandato;0;NON DECEDUTO;Non accertato;Inesploso
3166118;18;07/02/2017 08:50;Strada Urbana;VIA DI BOCCEA;in prossimità;;del civico n.;500;;Scontro frontale/laterale SX fra veicoli in marcia;Rettilineo;Una carreggiata a senso unico di marcia;Asciutto;Asfaltata;Verticale ed orizzontale;Sereno;Normale;Buona;Ore Diurne;1;0;0;1;12,38398;41,91504;-1;2;Autocarro inferiore 35 q.;In marcia / fermata / arresto;Conducente;M;Illeso;0;;Non accertato;Inesploso
3166123;16;04/02/2017 10:50;Strada Urbana;VIA DELLA CONSOLATA;all'intersezione con;VIA DEGLI ESTENSI;VIA DEGLI ESTENSI;;;Scontro laterale fra veicoli in marcia;Incrocio;Una carreggiata a doppio senso;Asciutto;Asfaltata;Verticale ed orizzontale;Nuvoloso;Scarso;Buona;Ore Diurne;0;0;0;3;12,42271;41,87674;-1;1;Autovettura privata;In marcia / fermata / arresto;Conducente;M;Illeso;0;;Non accertato;Inesploso
3166123;16;04/02/2017 10:50;Strada Urbana;VIA DELLA CONSOLATA;all'intersezione con;VIA DEGLI ESTENSI;VIA DEGLI ESTENSI;;;Scontro laterale fra veicoli in marcia;Incrocio;Una carreggiata a doppio senso;Asciutto;Asfaltata;Verticale ed orizzontale;Nuvoloso;Scarso;Buona;Ore Diurne;0;0;0;3;12,42271;41,87674;-1;1;Autovettura privata;In marcia / fermata / arresto;Passeggero;M;Illeso;0;;;
3166123;16;04/02/2017 10:50;Strada Urbana;VIA DELLA CONSOLATA;all'intersezione con;VIA DEGLI ESTENSI;VIA DEGLI ESTENSI;;;Scontro laterale fra veicoli in marcia;Incrocio;Una carreggiata a doppio senso;Asciutto;Asfaltata;Verticale ed orizzontale;Nuvoloso;Scarso;Buona;Ore Diurne;0;0;0;3;12,42271;41,87674;-1;2;Autocarro inferiore 35 q.;In marcia / fermata / arresto;Conducente;M;Illeso;0;;Non accertato;Inesploso
3166132;12;07/02/2017 09:00;Strada Urbana;VIA CRISTOFORO COLOMBO;da specificare;;;;prossimità  viale America;Scontro laterale fra veicoli in marcia;Rettilineo;Due carreggiate;Asciutto;Asfaltata;Verticale ed orizzontale;Sereno;Normale;Buona;Ore Diurne;1;0;0;1;12,46791;41,82951;-1;1;Autocarro inferiore 35 q.;In marcia / fermata / arresto;Conducente;M;Illeso;0;;Non accertato;Inesploso
3166132;12;07/02/2017 09:00;Strada Urbana;VIA CRISTOFORO COLOMBO;da specificare;;;;prossimità  viale America;Scontro laterale fra veicoli in marcia;Rettilineo;Due carreggiate;Asciutto;Asfaltata;Verticale ed orizzontale;Sereno;Normale;Buona;Ore Diurne;1;0;0;1;12,46791;41,82951;-1;2;Motociclo a solo;In marcia / fermata / arresto;Conducente;M;Rimandato;0;NON DECEDUTO;Non accertato;
3166137;4;06/02/2017 19:45;Statale entro l'abitato;VIA SALARIA;da specificare;;;;dir. centro alt. ponte Aniene;Investimento di pedone;Rettilineo;Una carreggiata a senso unico di marcia;Bagnato (pioggia);Asfaltata;Orizzontale;Pioggia in atto;Intenso;Insufficiente;Insufficiente;1;0;0;1;12,50835;41,93962;-1;;;;Pedone;M;Ricoverato;0;NON DECEDUTO;;
3166137;4;06/02/2017 19:45;Statale entro l'abitato;VIA SALARIA;da specificare;;;;dir. centro alt. ponte Aniene;Investimento di pedone;Rettilineo;Una carreggiata a senso unico di marcia;Bagnato (pioggia);Asfaltata;Orizzontale;Pioggia in atto;Intenso;Insufficiente;Insufficiente;1;0;0;1;12,50835;41,93962;-1;1;Autovettura privata;In marcia / fermata / arresto;Conducente;M;Illeso;0;;Non accertato;Inesploso
3166145;16;04/02/2017 19:45;Strada Urbana;VIA GABRIELE ROSSETTI;all'intersezione con;VIA ALESSANDRO POERIO;VIA ALESSANDRO POERIO;;;Scontro frontale/laterale DX fra veicoli in marcia;Intersezione stradale segnalata;Una carreggiata a senso unico di marcia;Asciutto;Asfaltata;Verticale ed orizzontale;Sereno;Normale;Sufficiente;Sufficiente;0;0;0;2;12,46337;41,8825;-1;1;Autovettura privata;In marcia / fermata / arresto;Conducente;M;Illeso;0;;Non accertato;Inesploso
3166145;16;04/02/2017 19:45;Strada Urbana;VIA GABRIELE ROSSETTI;all'intersezione con;VIA ALESSANDRO POERIO;VIA ALESSANDRO POERIO;;;Scontro frontale/laterale DX fra veicoli in marcia;Intersezione stradale segnalata;Una carreggiata a senso unico di marcia;Asciutto;Asfaltata;Verticale ed orizzontale;Sereno;Normale;Sufficiente;Sufficiente;0;0;0;2;12,46337;41,8825;-1;2;Motociclo con passeggero;In marcia / fermata / arresto;Conducente;M;Illeso;0;;Non accertato;
3166149;17;06/02/2017 20:50;Strada Urbana;VIA CRESCENZIO;da specificare;;;;fronte civico 11;Investimento di pedone;Rettilineo;Una carreggiata a doppio senso;Bagnato (pioggia);In cubetti di porfido;Verticale ed orizzontale;Pioggia in atto;Normale;Sufficiente;Sufficiente;1;0;0;1;12,46343;41,90575;-1;;;;Pedone;M;Rimandato;0;NON DECEDUTO;;
3166149;17;06/02/2017 20:50;Strada Urbana;VIA CRESCENZIO;da specificare;;;;fronte civico 11;Investimento di pedone;Rettilineo;Una carreggiata a doppio senso;Bagnato (pioggia);In cubetti di porfido;Verticale ed orizzontale;Pioggia in atto;Normale;Sufficiente;Sufficiente;1;0;0;1;12,46343;41,90575;-1;1;Autovettura privata;In marcia / fermata / arresto;Conducente;F;Illeso;0;;Non accertato;Inesploso
3166164;17;06/02/2017 08:45;Strada Urbana;VIA CRESCENZIO;in corrispondenza;;del civico n.;92;;Tamponamento;Rettilineo;Una carreggiata a doppio senso;Bagnato (pioggia);In cubetti di porfido;Verticale ed orizzontale;Nuvoloso;Normale;Buona;Ore Diurne;0;0;0;5;12,45924;41,90617;-1;1;Autovettura privata;In marcia / fermata / arresto;Conducente;M;Illeso;0;;Non accertato;
3166164;17;06/02/2017 08:45;Strada Urbana;VIA CRESCENZIO;in corrispondenza;;del civico n.;92;;Tamponamento;Rettilineo;Una carreggiata a doppio senso;Bagnato (pioggia);In cubetti di porfido;Verticale ed orizzontale;Nuvoloso;Normale;Buona;Ore Diurne;0;0;0;5;12,45924;41,90617;-1;1;Autovettura privata;In marcia / fermata / arresto;Passeggero;M;Illeso;0;;Non accertato;
3166164;17;06/02/2017 08:45;Strada Urbana;VIA CRESCENZIO;in corrispondenza;;del civico n.;92;;Tamponamento;Rettilineo;Una carreggiata a doppio senso;Bagnato (pioggia);In cubetti di porfido;Verticale ed orizzontale;Nuvoloso;Normale;Buona;Ore Diurne;0;0;0;5;12,45924;41,90617;-1;1;Autovettura privata;In marcia / fermata / arresto;Passeggero;M;Illeso;0;;Non accertato;
3166164;17;06/02/2017 08:45;Strada Urbana;VIA CRESCENZIO;in corrispondenza;;del civico n.;92;;Tamponamento;Rettilineo;Una carreggiata a doppio senso;Bagnato (pioggia);In cubetti di porfido;Verticale ed orizzontale;Nuvoloso;Normale;Buona;Ore Diurne;0;0;0;5;12,45924;41,90617;-1;1;Autovettura privata;In marcia / fermata / arresto;Passeggero;M;Illeso;0;;Non accertato;
3166164;17;06/02/2017 08:45;Strada Urbana;VIA CRESCENZIO;in corrispondenza;;del civico n.;92;;Tamponamento;Rettilineo;Una carreggiata a doppio senso;Bagnato (pioggia);In cubetti di porfido;Verticale ed orizzontale;Nuvoloso;Normale;Buona;Ore Diurne;0;0;0;5;12,45924;41,90617;-1;2;Autovettura privata;In marcia / fermata / arresto;Conducente;F;Illeso;0;;Non accertato;