Protocollo;Gruppo;DataOraIncidente;Localizzazione1;STRADA1;Localizzazione2;STRADA2;Strada02;Chilometrica;DaSpecificare;NaturaIncidente;particolaritastrade;TipoStrada;FondoStradale;Pavimentazione;Segnaletica;CondizioneAtmosferica;Traffico;Visibilita;Illuminazione;NUM_FERITI;NUM_RISERVATA;NUM_MORTI;NUM_ILLESI;Longitudine;Latitudine;Confermato;Progressivo;TipoVeicolo;StatoVeicolo;TipoPersona;Sesso;Tipolesione;Deceduto;DecedutoDopo;CinturaCascoUtilizzato;Airbag
3173841;6;12/02/2017 10:35;Strada Urbana;VIA PRENESTINA;all'intersezione semaforizzata con;VIA TOR DE' SCHIAVI;VIA TOR DE' SCHIAVI;;;Scontro frontale/laterale SX fra veicoli in marcia;Incrocio;Più di due carreggiate;Asciutto;Asfaltata;Verticale ed orizzontale;Sereno;Normale;Buona;Ore Diurne;3;0;0;4;12,55923;41,89483;-1;3;Autovettura privata;In marcia / fermata / arresto;Passeggero;M;Rifiuta cure immediate;0;NON DECEDUTO;Non accertato;Inesploso
3173841;6;12/02/2017 10:35;Strada Urbana;VIA PRENESTINA;all'intersezione semaforizzata con;VIA TOR DE' SCHIAVI;VIA TOR DE' SCHIAVI;;;Scontro frontale/laterale SX fra veicoli in marcia;Incrocio;Più di due carreggiate;Asciutto;Asfaltata;Verticale ed orizzontale;Sereno;Normale;Buona;Ore Diurne;3;0;0;4;12,55923;41,89483;-1;3;Autovettura privata;In marcia / fermata / arresto;Passeggero;M;Rifiuta cure immediate;0;NON DECEDUTO;Non accertato;Inesploso
3173859;20;11/02/2017 20:45;Strada Urbana;LARGO SOMALIA;all'intersezione con;VIA FELICE ANERIO;VIA FELICE ANERIO;;;Scontro frontale/laterale SX fra veicoli in marcia;Intersezione stradale segnalata;Una carreggiata a doppio senso;Asciutto;Asfaltata;Verticale ed orizzontale;Sereno;Normale;Buona;Sufficiente;0;0;0;3;12,51513;41,93594;-1;1;Motociclo a solo;In marcia / fermata / arresto;Conducente;M;Illeso;0;;Non accertato;
3173859;20;11/02/2017 20:45;Strada Urbana;LARGO SOMALIA;all'intersezione con;VIA FELICE ANERIO;VIA FELICE ANERIO;;;Scontro frontale/laterale SX fra veicoli in marcia;Intersezione stradale segnalata;Una carreggiata a doppio senso;Asciutto;Asfaltata;Verticale ed orizzontale;Sereno;Normale;Buona;Sufficiente;0;0;0;3;12,51513;41,93594;-1;2;Autovettura privata;In marcia / fermata / arresto;Conducente;F;Illeso;0;;Non accertato;Inesploso
3173859;20;11/02/2017 20:45;Strada Urbana;LARGO SOMALIA;all'intersezione con;VIA FELICE ANERIO;VIA FELICE ANERIO;;;Scontro frontale/laterale SX fra veicoli in marcia;Intersezione stradale segnalata;Una carreggiata a doppio senso;Asciutto;Asfaltata;Verticale ed orizzontale;Sereno;Normale;Buona;Sufficiente;0;0;0;3;12,51513;41,93594;-1;2;Autovettura privata;In marcia / fermata / arresto;Passeggero;F;Illeso;0;;Non accertato;Inesploso
3173870;20;12/02/2017 15:45;Regionale entro l'abitato;VIA CASSIA;in prossimità;;del civico n.;746;;Veicolo in marcia contro ostacolo accidentale;Rettilineo;Una carreggiata a doppio senso;Asciutto;Asfaltata;Orizzontale;Nuvoloso;Scarso;Buona;Ore Diurne;0;0;0;2;12,44286;41,96544;-1;1;Autovettura privata;In marcia / fermata / arresto;Conducente;M;Illeso;0;;Non accertato;Inesploso
3173870;20;12/02/2017 15:45;Regionale entro l'abitato;VIA CASSIA;in prossimità;;del civico n.;746;;Veicolo in marcia contro ostacolo accidentale;Rettilineo;Una carreggiata a doppio senso;Asciutto;Asfaltata;Orizzontale;Nuvoloso;Scarso;Buona;Ore Diurne;0;0;0;2;12,44286;41,96544;-1;1;Autovettura privata;In marcia / fermata / arresto;Passeggero;M;Illeso;0;;Non accertato;Inesploso
3173921;5;10/02/2017 05:50;Strada Urbana;VIA DEL CASALE DI S. BASILIO;all'intersezione semaforizzata con;VIA POLLENZA;VIA POLLENZA;;;Scontro frontale/laterale DX fra veicoli in marcia;Intersezione semaforizzata;Una carreggiata a doppio senso;Asciutto;Asfaltata;Verticale ed orizzontale;Sereno;Normale;Buona;Inesistente;2;0;0;3;12,5746;41,94106;-1;1;Autovettura privata;In marcia / fermata / arresto;Conducente;M;Illeso;0;;Non accertato;Esploso
3173921;5;10/02/2017 05:50;Strada Urbana;VIA DEL CASALE DI S. BASILIO;all'intersezione semaforizzata con;VIA POLLENZA;VIA POLLENZA;;;Scontro frontale/laterale DX fra veicoli in marcia;Intersezione semaforizzata;Una carreggiata a doppio senso;Asciutto;Asfaltata;Verticale ed orizzontale;Sereno;Normale;Buona;Inesistente;2;0;0;3;12,5746;41,94106;-1;1;Autovettura privata;In marcia / fermata / arresto;Passeggero;F;Illeso;0;;Non accertato;Inesploso
3173921;5;10/02/2017 05:50;Strada Urbana;VIA DEL CASALE DI S. BASILIO;all'intersezione semaforizzata con;VIA POLLENZA;VIA POLLENZA;;;Scontro frontale/laterale DX fra veicoli in marcia;Intersezione semaforizzata;Una carreggiata a doppio senso;Asciutto;Asfaltata;Verticale ed orizzontale;Sereno;Normale;Buona;Inesistente;2;0;0;3;12,5746;41,94106;-1;1;Autovettura privata;In marcia / fermata / arresto;Passeggero;F;Rimandato;0;NON DECEDUTO;Non accertato;Inesploso
3173921;5;10/02/2017 05:50;Strada Urbana;VIA DEL CASALE DI S. BASILIO;all'intersezione semaforizzata con;VIA POLLENZA;VIA POLLENZA;;;Scontro frontale/laterale DX fra veicoli in marcia;Intersezione semaforizzata;Una carreggiata a doppio senso;Asciutto;Asfaltata;Verticale ed orizzontale;Sereno;Normale;Buona;Inesistente;2;0;0;3;12,5746;41,94106;-1;1;Autovettura privata;In marcia / fermata / arresto;Passeggero;M;Rimandato;0;NON DECEDUTO;Non accertato;Inesploso
3173921;5;10/02/2017 05:50;Strada Urbana;VIA DEL CASALE DI S. BASILIO;all'intersezione semaforizzata con;VIA POLLENZA;VIA POLLENZA;;;Scontro frontale/laterale DX fra veicoli in marcia;Intersezione semaforizzata;Una carreggiata a doppio senso;Asciutto;Asfaltata;Verticale ed orizzontale;Sereno;Normale;Buona;Inesistente;2;0;0;3;12,5746;41,94106;-1;2;Autovettura privata;In marcia / fermata / arresto;Conducente;F;Illeso;0;;Non accertato;Inesploso
3173922;5;11/02/2017 15:00;Strada Urbana;NUOVA CIRCONVALLAZIONE INTERNA;da specificare;;;;dir. S. Giovanni pross. uscita Tiburtina;Scontro laterale fra veicoli in marcia;Rettilineo;Una carreggiata a senso unico di marcia;Asciutto;Asfaltata;Verticale ed orizzontale;Sereno;Normale;Buona;Ore Diurne;0;0;0;3;12,53368;41,90847;-1;1;Autocarro inferiore 35 q.;In marcia / fermata / arresto;Conducente;M;Illeso;0;;Non accertato;Inesploso
3173922;5;11/02/2017 15:00;Strada Urbana;NUOVA CIRCONVALLAZIONE INTERNA;da specificare;;;;dir. S. Giovanni pross. uscita Tiburtina;Scontro laterale fra veicoli in marcia;Rettilineo;Una carreggiata a senso unico di marcia;Asciutto;Asfaltata;Verticale ed orizzontale;Sereno;Normale;Buona;Ore Diurne;0;0;0;3;12,53368;41,90847;-1;1;Autocarro inferiore 35 q.;In marcia / fermata / arresto;Passeggero;M;Illeso;0;;Non accertato;Inesploso
3173922;5;11/02/2017 15:00;Strada Urbana;NUOVA CIRCONVALLAZIONE INTERNA;da specificare;;;;dir. S. Giovanni pross. uscita Tiburtina;Scontro laterale fra veicoli in marcia;Rettilineo;Una carreggiata a senso unico di marcia;Asciutto;Asfaltata;Verticale ed orizzontale;Sereno;Normale;Buona;Ore Diurne;0;0;0;3;12,53368;41,90847;-1;2;Autovettura privata;In marcia / fermata / arresto;Conducente;M;Illeso;0;;Non accertato;Inesploso
3173923;5;10/02/2017 10:45;Strada Urbana;VIA SMERILLO;all'intersezione con;VIA ANTICOLI CORRADO;VIA ANTICOLI CORRADO;;;Scontro laterale fra veicoli in marcia;Incrocio;Una carreggiata a doppio senso;Asciutto;Asfaltata;Orizzontale;Sereno;Scarso;Buona;Ore Diurne;0;0;0;2;12,59689;41,93503;-1;1;Autovettura privata;In marcia / fermata / arresto;Conducente;M;Illeso;0;;Non accertato;Inesploso
3173923;5;10/02/2017 10:45;Strada Urbana;VIA SMERILLO;all'intersezione con;VIA ANTICOLI CORRADO;VIA ANTICOLI CORRADO;;;Scontro laterale fra veicoli in marcia;Incrocio;Una carreggiata a doppio senso;Asciutto;Asfaltata;Orizzontale;Sereno;Scarso;Buona;Ore Diurne;0;0;0;2;12,59689;41,93503;-1;2;Autocarro inferiore 35 q.;In marcia / fermata / arresto;Conducente;M;Illeso;0;;Non accertato;Inesploso
3173924;5;10/02/2017 11:00;Strada Urbana;VIA DEL CASALE DI S. BASILIO;all'intersezione con;VIA TINO BUAZZELLI;VIA TINO BUAZZELLI;;;Scontro laterale fra veicoli in marcia;Incrocio;Una carreggiata a doppio senso;Asciutto;Asfaltata;Verticale ed orizzontale;Sereno;Normale;Buona;Ore Diurne;0;0;0;4;12,56888;41,94451;-1;1;Autovettura privata;In marcia / fermata / arresto;Conducente;F;Illeso;0;;Non accertato;Inesploso
3173924;5;10/02/2017 11:00;Strada Urbana;VIA DEL CASALE DI S. BASILIO;all'intersezione con;VIA TINO BUAZZELLI;VIA TINO BUAZZELLI;;;Scontro laterale fra veicoli in marcia;Incrocio;Una carreggiata a doppio senso;Asciutto;Asfaltata;Verticale ed orizzontale;Sereno;Normale;Buona;Ore Diurne;0;0;0;4;12,56888;41,94451;-1;1;Autovettura privata;In marcia / fermata / arresto;Passeggero;M;Illeso;0;;Non utilizzato;Inesploso
3173924;5;10/02/2017 11:00;Strada Urbana;VIA DEL CASALE DI S. BASILIO;all'intersezione con;VIA TINO BUAZZELLI;VIA TINO BUAZZELLI;;;Scontro laterale fra veicoli in marcia;Incrocio;Una carreggiata a doppio senso;Asciutto;Asfaltata;Verticale ed orizzontale;Sereno;Normale;Buona;Ore Diurne;0;0;0;4;12,56888;41,94451;-1;2;Motociclo a solo;In marcia / fermata / arresto;Conducente;M;Illeso;0;;Non utilizzato;
3173924;5;10/02/2017 11:00;Strada Urbana;VIA DEL CASALE DI S. BASILIO;all'intersezione con;VIA TINO BUAZZELLI;VIA TINO BUAZZELLI;;;Scontro laterale fra veicoli in marcia;Incrocio;Una carreggiata a doppio senso;Asciutto;Asfaltata;Verticale ed orizzontale;Sereno;Normale;Buona;Ore Diurne;0;0;0;4;12,56888;41,94451;-1;2;Motociclo a solo;In marcia / fermata / arresto;Passeggero;M;Illeso;0;;Non utilizzato;
3173927;5;10/02/2017 23:00;Strada Urbana;VIA MORROVALLE;in corrispondenza;;del civico n.;18;;Veicolo in marcia contro veicolo in sosta;Rettilineo;Una carreggiata a senso unico di marcia;Asciutto;Asfaltata;Verticale ed orizzontale;Sereno;Scarso;Sufficiente;Sufficiente;0;0;0;1;12,58253;41,93652;-1;2;Autocarro inferiore 35 q.;In marcia / fermata / arresto;Conducente;M;Illeso;0;;Non accertato;Inesploso
3173928;5;10/02/2017 18:15;Strada Urbana;VIA LEOPOLDO PILLA;da specificare;;;;altezza ingresso Clinica Itor;Investimento di pedone;Rettilineo;Una carreggiata a doppio senso;Asciutto;Asfaltata;Assente;Sereno;Scarso;Buona;Ore Diurne;0;0;0;1;12,54251;41,9241;-1;;;;Pedone;M;Illeso;0;;;
3173929;5;11/02/2017 03:50;Strada Urbana;VIA TIBURTINA;all'intersezione semaforizzata con;VIA SAMBUCI;VIA SAMBUCI;;;Scontro frontale/laterale DX fra veicoli in marcia;Intersezione semaforizzata;Due carreggiate;Asciutto;Asfaltata;Verticale ed orizzontale;Sereno;Scarso;Buona;Insufficiente;0;0;0;4;12,61189;41,93663;-1;1;Autovettura privata;In marcia / fermata / arresto;Conducente;M;Illeso;0;;Non accertato;
3173929;5;11/02/2017 03:50;Strada Urbana;VIA TIBURTINA;all'intersezione semaforizzata con;VIA SAMBUCI;VIA SAMBUCI;;;Scontro frontale/laterale DX fra veicoli in marcia;Intersezione semaforizzata;Due carreggiate;Asciutto;Asfaltata;Verticale ed orizzontale;Sereno;Scarso;Buona;Insufficiente;0;0;0;4;12,61189;41,93663;-1;2;Autovettura privata;In marcia / fermata / arresto;Conducente;M;Illeso;0;;Non accertato;Esploso
3173929;5;11/02/2017 03:50;Strada Urbana;VIA TIBURTINA;all'intersezione semaforizzata con;VIA SAMBUCI;VIA SAMBUCI;;;Scontro frontale/laterale DX fra veicoli in marcia;Intersezione semaforizzata;Due carreggiate;Asciutto;Asfaltata;Verticale ed orizzontale;Sereno;Scarso;Buona;Insufficiente;0;0;0;4;12,61189;41,93663;-1;2;Autovettura privata;In marcia / fermata / arresto;Passeggero;M;Illeso;0;;Non accertato;
3173929;5;11/02/2017 03:50;Strada Urbana;VIA TIBURTINA;all'intersezione semaforizzata con;VIA SAMBUCI;VIA SAMBUCI;;;Scontro frontale/laterale DX fra veicoli in marcia;Intersezione semaforizzata;Due carreggiate;Asciutto;Asfaltata;Verticale ed orizzontale;Sereno;Scarso;Buona;Insufficiente;0;0;0;4;12,61189;41,93663;-1;2;Autovettura privata;In marcia / fermata / arresto;Passeggero;M;Illeso;0;;Non accertato;
3173931;5;11/02/2017 11:30;Strada Urbana;VIA PEIRCE;da specificare;;;;prossimità via Nomentana;Scontro laterale fra veicoli in marcia;Rettilineo;Una carreggiata a senso unico di marcia;Asciutto;Asfaltata;Assente;Sereno;Scarso;Buona;Ore Diurne;0;0;0;3;12,55968;41,94405;-1;1;Autovettura privata;In marcia / fermata / arresto;Conducente;M;Illeso;0;;Non accertato;Inesploso
3173931;5;11/02/2017 11:30;Strada Urbana;VIA PEIRCE;da specificare;;;;prossimità via Nomentana;Scontro laterale fra veicoli in marcia;Rettilineo;Una carreggiata a senso unico di marcia;Asciutto;Asfaltata;Assente;Sereno;Scarso;Buona;Ore Diurne;0;0;0;3;12,55968;41,94405;-1;1;Autovettura privata;In marcia / fermata / arresto;Passeggero;M;Illeso;0;;Non accertato;Inesploso
3173931;5;11/02/2017 11:30;Strada Urbana;VIA PEIRCE;da specificare;;;;prossimità via Nomentana;Scontro laterale fra veicoli in marcia;Rettilineo;Una carreggiata a senso unico di marcia;Asciutto;Asfaltata;Assente;Sereno;Scarso;Buona;Ore Diurne;0;0;0;3;12,55968;41,94405;-1;2;Autovettura privata;In marcia / fermata / arresto;Conducente;M;Illeso;0;;Non accertato;Inesploso
3173933;5;12/02/2017 06:40;Strada Urbana;VIA GIUSEPPE DONATI;in prossimità;;del civico n.;82;;Veicolo in marcia contro veicoli in sosta;Rettilineo;Una carreggiata a doppio senso;Asciutto;Asfaltata;Verticale;Sereno;Normale;Buona;Sufficiente;0;0;0;3;12,54989;41,90734;-1;1;Autovettura privata;In marcia / fermata / arresto;Conducente;M;Illeso;0;;Non accertato;Inesploso
3173933;5;12/02/2017 06:40;Strada Urbana;VIA GIUSEPPE DONATI;in prossimità;;del civico n.;82;;Veicolo in marcia contro veicoli in sosta;Rettilineo;Una carreggiata a doppio senso;Asciutto;Asfaltata;Verticale;Sereno;Normale;Buona;Sufficiente;0;0;0;3;12,54989;41,90734;-1;1;Autovettura privata;In marcia / fermata / arresto;Passeggero;M;Illeso;0;;Non accertato;Inesploso
3174019;15;10/02/2017 19:40;Strada Urbana;VIA PORTUENSE;da specificare;;;;prossimità fronte 807/E;Veicolo in marcia contro veicolo in sosta;Rettilineo;Una carreggiata a doppio senso;Asciutto;Asfaltata;Orizzontale;Nuvoloso;Normale;Buona;Sufficiente;1;0;0;0;12,4158;41,84758;-1;1;Autovettura privata;In marcia / fermata / arresto;Conducente;M;Rimandato;0;NON DECEDUTO;Utilizzato;
3174026;15;11/02/2017 14:20;Strada Urbana;VIALE DI PESCINA GAGLIARDA;in prossimità;;del civico n.;43;;Scontro frontale fra veicoli in marcia;Rettilineo;Una carreggiata a doppio senso;Asciutto;Asfaltata;Assente;Sereno;Scarso;Buona;Ore Diurne;1;0;0;1;12,30896;41,82669;-1;1;Autocarro inferiore 35 q.;In marcia / fermata / arresto;Conducente;M;Illeso;0;;Non accertato;Inesploso
3174026;15;11/02/2017 14:20;Strada Urbana;VIALE DI PESCINA GAGLIARDA;in prossimità;;del civico n.;43;;Scontro frontale fra veicoli in marcia;Rettilineo;Una carreggiata a doppio senso;Asciutto;Asfaltata;Assente;Sereno;Scarso;Buona;Ore Diurne;1;0;0;1;12,30896;41,82669;-1;2;Autovettura privata;In marcia / fermata / arresto;Conducente;F;Rifiuta cure immediate;0;NON DECEDUTO;Non accertato;Esploso
3174030;15;11/02/2017 16:45;Strada Urbana;VIA GUGLIELMO MENGARINI;all'intersezione con;VIA LEONARDO GREPPI;VIA LEONARDO GREPPI;;;Scontro frontale/laterale DX fra veicoli in marcia;Incrocio;Una carreggiata a doppio senso;Asciutto;Asfaltata;Verticale ed orizzontale;Nebbia;Normale;Buona;Ore Diurne;1;0;0;1;12,45753;41,86227;-1;1;Motociclo a solo;In marcia / fermata / arresto;Conducente;M;Rimandato;0;NON DECEDUTO;;
3174030;15;11/02/2017 16:45;Strada Urbana;VIA GUGLIELMO MENGARINI;all'intersezione con;VIA LEONARDO GREPPI;VIA LEONARDO GREPPI;;;Scontro frontale/laterale DX fra veicoli in marcia;Incrocio;Una carreggiata a doppio senso;Asciutto;Asfaltata;Verticale ed orizzontale;Nebbia;Normale;Buona;Ore Diurne;1;0;0;1;12,45753;41,86227;-1;2;Autovettura privata;In marcia / fermata / arresto;Conducente;M;Illeso;0;;;
3174035;15;11/02/2017 08:30;Strada Urbana;VIA PORTUENSE;in prossimità;;del civico n.;541;;Tamponamento;Rettilineo;Due carreggiate;Asciutto;Asfaltata;Verticale ed orizzontale;Sereno;Normale;Buona;Ore Diurne;1;0;0;1;12,44932;41,85846;-1;1;Motociclo a solo;In marcia / fermata / arresto;Conducente;M;Rimandato;0;NON DECEDUTO;;
3174035;15;11/02/2017 08:30;Strada Urbana;VIA PORTUENSE;in prossimità;;del civico n.;541;;Tamponamento;Rettilineo;Due carreggiate;Asciutto;Asfaltata;Verticale ed orizzontale;Sereno;Normale;Buona;Ore Diurne;1;0;0;1;12,44932;41,85846;-1;2;Autocarro inferiore 35 q.;In marcia / fermata / arresto;Conducente;M;Illeso;0;;;
3174042;15;11/02/2017 19:40;Strada Urbana;VIA SAN GIULIANO TERME;da specificare;;;;20 metri dopo il civico 79/a;Veicolo in marcia contro veicolo in sosta;Curva a visuale libera;Una carreggiata a doppio senso;Asciutto;Asfaltata;Assente;Sereno;Scarso;Insufficiente;Inesistente;0;0;0;1;12,43394;41,84165;-1;1;Autovettura privata;In marcia / fermata / arresto;Conducente;M;Illeso;0;;;
3174307;11;11/02/2017 08:15;Strada Urbana;VIA ARDEATINA;in prossimità;;del civico n.;930;;Scontro laterale fra veicoli in marcia;Rettilineo;Una carreggiata a doppio senso;Asciutto;Asfaltata;Verticale;Sereno;Scarso;Buona;Ore Diurne;0;0;0;3;12,53634;41,80091;-1;1;Autovettura privata;In marcia / fermata / arresto;Conducente;F;Illeso;0;;;
3174307;11;11/02/2017 08:15;Strada Urbana;VIA ARDEATINA;in prossimità;;del civico n.;930;;Scontro laterale fra veicoli in marcia;Rettilineo;Una carreggiata a doppio senso;Asciutto;Asfaltata;Verticale;Sereno;Scarso;Buona;Ore Diurne;0;0;0;3;12,53634;41,80091;-1;1;Autovettura privata;In marcia / fermata / arresto;Passeggero;F;Illeso;0;;;
3174307;11;11/02/2017 08:15;Strada Urbana;VIA ARDEATINA;in prossimità;;del civico n.;930;;Scontro laterale fra veicoli in marcia;Rettilineo;Una carreggiata a doppio senso;Asciutto;Asfaltata;Verticale;Sereno;Scarso;Buona;Ore Diurne;0;0;0;3;12,53634;41,80091;-1;2;Autovettura privata;In marcia / fermata / arresto;Conducente;F;Illeso;0;;;
3174310;11;11/02/2017 23:15;Strada Urbana;PIAZZALE DEL CARAVAGGIO;da specificare;;;;prossimità via del Giorgione;Scontro laterale fra veicoli in marcia;Rotatoria;Una carreggiata a doppio senso;Asciutto;Asfaltata;Verticale ed orizzontale;Sereno;Normale;Buona;Sufficiente;0;0;0;3;12,49344;41,85044;-1;1;Autovettura privata;In marcia / fermata / arresto;Conducente;F;Illeso;0;;Non accertato;
3174310;11;11/02/2017 23:15;Strada Urbana;PIAZZALE DEL CARAVAGGIO;da specificare;;;;prossimità via del Giorgione;Scontro laterale fra veicoli in marcia;Rotatoria;Una carreggiata a doppio senso;Asciutto;Asfaltata;Verticale ed orizzontale;Sereno;Normale;Buona;Sufficiente;0;0;0;3;12,49344;41,85044;-1;2;Autovettura privata;In marcia / fermata / arresto;Conducente;M;Illeso;0;;Non accertato;
3174310;11;11/02/2017 23:15;Strada Urbana;PIAZZALE DEL CARAVAGGIO;da specificare;;;;prossimità via del Giorgione;Scontro laterale fra veicoli in marcia;Rotatoria;Una carreggiata a doppio senso;Asciutto;Asfaltata;Verticale ed orizzontale;Sereno;Normale;Buona;Sufficiente;0;0;0;3;12,49344;41,85044;-1;2;Autovettura privata;In marcia / fermata / arresto;Passeggero;F;Illeso;0;;Non accertato;Inesploso
3174331;11;11/02/2017 13:50;Strada Urbana;VIALE LEONARDO DA VINCI;all'intersezione con;VIA ANTONINO PIO;VIA ANTONINO PIO;;;Scontro frontale/laterale DX fra veicoli in marcia;Incrocio;Una carreggiata a doppio senso;Asciutto;Asfaltata;Verticale ed orizzontale;Sereno;Scarso;Buona;Ore Diurne;0;0;0;3;12,48031;41,85276;-1;1;Autovettura privata;In marcia / fermata / arresto;Conducente;M;Illeso;0;;;
3174331;11;11/02/2017 13:50;Strada Urbana;VIALE LEONARDO DA VINCI;all'intersezione con;VIA ANTONINO PIO;VIA ANTONINO PIO;;;Scontro frontale/laterale DX fra veicoli in marcia;Incrocio;Una carreggiata a doppio senso;Asciutto;Asfaltata;Verticale ed orizzontale;Sereno;Scarso;Buona;Ore Diurne;0;0;0;3;12,48031;41,85276;-1;1;Autovettura privata;In marcia / fermata / arresto;Passeggero;F;Illeso;0;;;
3174331;11;11/02/2017 13:50;Strada Urbana;VIALE LEONARDO DA VINCI;all'intersezione con;VIA ANTONINO PIO;VIA ANTONINO PIO;;;Scontro frontale/laterale DX fra veicoli in marcia;Incrocio;Una carreggiata a doppio senso;Asciutto;Asfaltata;Verticale ed orizzontale;Sereno;Scarso;Buona;Ore Diurne;0;0;0;3;12,48031;41,85276;-1;2;Autovettura privata;In marcia / fermata / arresto;Conducente;M;Illeso;0;;;
3174338;5;12/02/2017 18:30;Strada Urbana;VIA ALBERTO POLLIO;all'intersezione con;VIA DI CASAL BERTONE;VIA DI CASAL BERTONE;;;Scontro laterale fra veicoli in marcia;Intersezione stradale segnalata;Due carreggiate;Asciutto;Asfaltata;Verticale ed orizzontale;Sereno;Normale;Buona;Sufficiente;0;0;0;3;12,53258;41,89711;-1;1;Autovettura privata;In marcia / fermata / arresto;Conducente;M;Illeso;0;;Non accertato;Inesploso
3174338;5;12/02/2017 18:30;Strada Urbana;VIA ALBERTO POLLIO;all'intersezione con;VIA DI CASAL BERTONE;VIA DI CASAL BERTONE;;;Scontro laterale fra veicoli in marcia;Intersezione stradale segnalata;Due carreggiate;Asciutto;Asfaltata;Verticale ed orizzontale;Sereno;Normale;Buona;Sufficiente;0;0;0;3;12,53258;41,89711;-1;1;Autovettura privata;In marcia / fermata / arresto;Passeggero;M;Illeso;0;;Non accertato;Inesploso
3174338;5;12/02/2017 18:30;Strada Urbana;VIA ALBERTO POLLIO;all'intersezione con;VIA DI CASAL BERTONE;VIA DI CASAL BERTONE;;;Scontro laterale fra veicoli in marcia;Intersezione stradale segnalata;Due carreggiate;Asciutto;Asfaltata;Verticale ed orizzontale;Sereno;Normale;Buona;Sufficiente;0;0;0;3;12,53258;41,89711;-1;1;Autovettura privata;In marcia / fermata / arresto;Passeggero;F;Illeso;0;;Non accertato;Inesploso
3174341;6;12/02/2017 21:30;Strada Urbana;LARGO PRENESTE;all'intersezione semaforizzata con;VIA PRENESTINA;VIA PRENESTINA;;;Scontro frontale/laterale SX fra veicoli in marcia;Intersezione semaforizzata;Più di due carreggiate;Asciutto;Asfaltata;Verticale ed orizzontale;Sereno;Scarso;Sufficiente;Sufficiente;0;0;0;2;12,54174;41,89264;-1;1;Autovettura privata;In marcia / fermata / arresto;Conducente;M;Illeso;0;;;
3174341;6;12/02/2017 21:30;Strada Urbana;LARGO PRENESTE;all'intersezione semaforizzata con;VIA PRENESTINA;VIA PRENESTINA;;;Scontro frontale/laterale SX fra veicoli in marcia;Intersezione semaforizzata;Più di due carreggiate;Asciutto;Asfaltata;Verticale ed orizzontale;Sereno;Scarso;Sufficiente;Sufficiente;0;0;0;2;12,54174;41,89264;-1;2;Vettura tranviaria;In marcia / fermata / arresto;Conducente;M;Illeso;0;;Esente;
3174342;11;11/02/2017 14:45;Strada Urbana;VIA CRISTOFORO COLOMBO;in prossimità;;del palo luce n.;168/170;;Tamponamento Multiplo;Rettilineo;Una carreggiata a senso unico di marcia;Asciutto;Asfaltata;Verticale ed orizzontale;Sereno;Normale;Buona;Ore Diurne;0;0;0;6;12,49305;41,85613;-1;1;Autovettura privata;In marcia / fermata / arresto;Conducente;F;Illeso;0;;Non accertato;
3174342;11;11/02/2017 14:45;Strada Urbana;VIA CRISTOFORO COLOMBO;in prossimità;;del palo luce n.;168/170;;Tamponamento Multiplo;Rettilineo;Una carreggiata a senso unico di marcia;Asciutto;Asfaltata;Verticale ed orizzontale;Sereno;Normale;Buona;Ore Diurne;0;0;0;6;12,49305;41,85613;-1;2;Autovettura privata;In marcia / fermata / arresto;Conducente;M;Illeso;0;;Non accertato;
3174342;11;11/02/2017 14:45;Strada Urbana;VIA CRISTOFORO COLOMBO;in prossimità;;del palo luce n.;168/170;;Tamponamento Multiplo;Rettilineo;Una carreggiata a senso unico di marcia;Asciutto;Asfaltata;Verticale ed orizzontale;Sereno;Normale;Buona;Ore Diurne;0;0;0;6;12,49305;41,85613;-1;2;Autovettura privata;In marcia / fermata / arresto;Passeggero;F;Illeso;0;;Non accertato;
3174342;11;11/02/2017 14:45;Strada Urbana;VIA CRISTOFORO COLOMBO;in prossimità;;del palo luce n.;168/170;;Tamponamento Multiplo;Rettilineo;Una carreggiata a senso unico di marcia;Asciutto;Asfaltata;Verticale ed orizzontale;Sereno;Normale;Buona;Ore Diurne;0;0;0;6;12,49305;41,85613;-1;2;Autovettura privata;In marcia / fermata / arresto;Passeggero;F;Illeso;0;;Non accertato;
3174342;11;11/02/2017 14:45;Strada Urbana;VIA CRISTOFORO COLOMBO;in prossimità;;del palo luce n.;168/170;;Tamponamento Multiplo;Rettilineo;Una carreggiata a senso unico di marcia;Asciutto;Asfaltata;Verticale ed orizzontale;Sereno;Normale;Buona;Ore Diurne;0;0;0;6;12,49305;41,85613;-1;3;Autovettura privata;In marcia / fermata / arresto;Conducente;M;Illeso;0;;Non accertato;
3174342;11;11/02/2017 14:45;Strada Urbana;VIA CRISTOFORO COLOMBO;in prossimità;;del palo luce n.;168/170;;Tamponamento Multiplo;Rettilineo;Una carreggiata a senso unico di marcia;Asciutto;Asfaltata;Verticale ed orizzontale;Sereno;Normale;Buona;Ore Diurne;0;0;0;6;12,49305;41,85613;-1;3;Autovettura privata;In marcia / fermata / arresto;Passeggero;M;Illeso;0;;Non accertato;
3174345;17;12/02/2017 13:30;Strada Urbana;VIA POMPEO MAGNO;all'intersezione con;VIA EZIO;VIA EZIO;;;Scontro frontale/laterale DX fra veicoli in marcia;Intersezione stradale segnalata;Una carreggiata a senso unico di marcia;Asciutto;Asfaltata;Verticale ed orizzontale;Sereno;Scarso;Buona;Ore Diurne;0;0;0;2;12,46754;41,91013;-1;1;Autovettura privata;In marcia / fermata / arresto;Conducente;F;Illeso;0;;Non accertato;